{
    "item": {
        "3": {
            "components": {
                "camp": {
                    "role_id": 32
                }, 
                "display": {
                    "real_scale": [
                        2.6879825592041016, 
                        2.6879825592041016, 
                        2.6879825592041016
                    ]
                }, 
                "movement": {
                    "position": {
                        "__tuple__": true, 
                        "items": [
                            [
                                -387, 
                                3569614848
                            ], 
                            [
                                -7, 
                                3487092736
                            ], 
                            [
                                -44, 
                                2463072256
                            ]
                        ]
                    }, 
                    "yaw": {
                        "__tuple__": true, 
                        "items": [
                            -17, 
                            2693229384
                        ]
                    }
                }
            }, 
            "entity_id": 134275002, 
            "name": "Rusted Sword", 
            "pid": 1, 
            "stack_cnt": 1, 
            "type": 32, 
            "unit_id": 3
        }
    }
}