{
    "unit": {
        "1": {
            "components": {
                "ability": {
                    "1_1": [
                        201347498, 
                        1
                    ]
                }, 
                "camp": {
                    "role_id": 1
                }, 
                "display": {
                    "real_scale": [
                        0.2806554138660431, 
                        0.2806554138660431, 
                        0.2806554138660431
                    ]
                }, 
                "drop_item": null, 
                "movement": {
                    "position": {
                        "__tuple__": true, 
                        "items": [
                            [
                                -385, 
                                1024196608
                            ], 
                            [
                                -6, 
                                93657088
                            ], 
                            [
                                -43, 
                                4188864512
                            ]
                        ]
                    }, 
                    "yaw": {
                        "__tuple__": true, 
                        "items": [
                            0, 
                            0
                        ]
                    }
                }
            }, 
            "entity_id": 134234172, 
            "name": "White Crow Follower", 
            "type": 1, 
            "unit_id": 1
        }, 
        "2": {
            "components": {
                "ability": {
                    "1_1": [
                        201347498, 
                        1
                    ]
                }, 
                "camp": {
                    "role_id": 1
                }, 
                "drop_item": null, 
                "movement": {
                    "position": {
                        "__tuple__": true, 
                        "items": [
                            [
                                -386, 
                                3274047488
                            ], 
                            [
                                -6, 
                                1030303744
                            ], 
                            [
                                -41, 
                                2090500096
                            ]
                        ]
                    }, 
                    "yaw": {
                        "__tuple__": true, 
                        "items": [
                            -3, 
                            3288876170
                        ]
                    }
                }
            }, 
            "entity_id": 134223578, 
            "name": "Justine Katrina", 
            "type": 1, 
            "unit_id": 2
        }, 
        "4": {
            "components": {
                "ability": {
                    "1_1": [
                        201347498, 
                        1
                    ]
                }, 
                "camp": {
                    "role_id": 32
                }, 
                "drop_item": null, 
                "movement": {
                    "position": {
                        "__tuple__": true, 
                        "items": [
                            [
                                -21, 
                                1967489024
                            ], 
                            [
                                0, 
                                858993600
                            ], 
                            [
                                -3, 
                                1905049600
                            ]
                        ]
                    }, 
                    "yaw": {
                        "__tuple__": true, 
                        "items": [
                            6, 
                            1216271634
                        ]
                    }
                }
            }, 
            "entity_id": 134241129, 
            "name": "Rollerblade Girl", 
            "type": 1, 
            "unit_id": 4
        }, 
        "5": {
            "components": {
                "ability": {
                    "1_1": [
                        201347498, 
                        1
                    ], 
                    "2_1": [
                        201347498, 
                        1
                    ], 
                    "2_2": [
                        201385536, 
                        1
                    ]
                }, 
                "camp": {
                    "role_id": 1
                }, 
                "drop_item": null, 
                "movement": {
                    "position": {
                        "__tuple__": true, 
                        "items": [
                            [
                                -333, 
                                2344878080
                            ], 
                            [
                                -1, 
                                466400256
                            ], 
                            [
                                -71, 
                                1845231616
                            ]
                        ]
                    }, 
                    "yaw": {
                        "__tuple__": true, 
                        "items": [
                            0, 
                            3922800897
                        ]
                    }
                }
            }, 
            "entity_id": 134240635, 
            "name": "Shadtail", 
            "type": 4, 
            "unit_id": 5
        }, 
        "6": {
            "components": {
                "ability": {
                    "1_1": [
                        201347498, 
                        1
                    ], 
                    "2_1": [
                        201347498, 
                        1
                    ], 
                    "2_2": [
                        201385536, 
                        1
                    ]
                }, 
                "camp": {
                    "role_id": 1
                }, 
                "drop_item": null, 
                "movement": {
                    "position": {
                        "__tuple__": true, 
                        "items": [
                            [
                                -334, 
                                2189819904
                            ], 
                            [
                                -1, 
                                1274207744
                            ], 
                            [
                                -60, 
                                2198536192
                            ]
                        ]
                    }, 
                    "yaw": {
                        "__tuple__": true, 
                        "items": [
                            1, 
                            3979550997
                        ]
                    }
                }
            }, 
            "entity_id": 134240635, 
            "name": "Shadtail", 
            "type": 4, 
            "unit_id": 6
        }, 
        "7": {
            "components": {
                "ability": {
                    "1_1": [
                        201347498, 
                        1
                    ], 
                    "2_1": [
                        201347498, 
                        1
                    ], 
                    "2_2": [
                        201385536, 
                        1
                    ]
                }, 
                "camp": {
                    "role_id": 1
                }, 
                "drop_item": null,